19.601063, 18.352642, 18.471634, 18.721575, 19.278465, 21.145765, 40.045094, 19.353035, 18.660191, 18.796494, 19.072172, 19.408571, 19.794991, 20.233601, 20.731960, 21.298145, 21.946077, 22.692142, 23.560032, 24.583405, 25.811905, 27.325117, 29.262295, 31.900085, 35.931709, 44.268875, 47.611736, 36.554779, 31.700928, 28.506912, 26.102730, 24.163210, 22.531588, 21.119972, 19.874567, 18.760542, 17.754372, 16.840130, 16.007324, 15.249702, 14.565364, 13.956732, 13.431353, 13.004589, 12.702165, 12.568523, 12.677357, 13.154131, 14.224424, 16.339180, 20.692263, 35.632023, 23.272072, 16.176517, 12.482006, 10.091688, 8.384223, 7.081948, 6.037281, 5.169855, 4.424925, 3.773135, 3.198764, 2.686417, 2.234901, 1.833248, 1.495511, 1.209410, 0.988429, 0.832437, 0.741228, 0.719404, 0.770789, 0.893260, 1.088256, 1.349537, 1.670829, 2.048923, 2.481648, 2.959794, 3.480250, 4.040012, 4.636312, 5.267832, 5.931321, 6.628531, 7.359889, 8.127030, 8.932955, 9.782173, 10.680208, 11.634903, 12.656569, 13.757974, 14.957748, 16.280375, 17.762533, 19.458263, 21.456326, 23.914701, 27.158569, 32.058670, 43.158546, 39.855354, 31.555237, 27.558203, 24.952579, 23.045790, 21.560917, 20.359390, 19.362003, 18.518217, 17.795685, 17.170916, 16.626926, 16.151754, 15.735050, 15.370054, 15.050423, 14.772402, 14.531248, 14.324339, 14.149372, 14.004513, 13.887690, 13.797804, 13.734299, 13.696394, -120.000000, -120.000000, -120.000000, -120.000000, -120.000000, -120.000000, -120.000000, -120.000000, -120.000000, -120.000000, -120.000000, -120.000000, -120.000000, -120.000000, -120.000000, -120.000000, -120.000000, -120.000000, -120.000000, -120.000000, -120.000000, -120.000000, -120.000000, -120.000000, -120.000000, -120.000000, -120.000000, -120.000000, -120.000000, -120.000000, -120.000000, -120.000000, -120.000000, -120.000000, -120.000000, -120.000000, -120.000000, -120.000000, -120.000000, -120.000000, -120.000000, -120.000000, -120.000000, -120.000000, -120.000000, -120.000000, -120.000000, -120.000000, -120.000000, -120.000000, -120.000000, -120.000000, -120.000000, -120.000000, -120.000000, -120.000000, -120.000000, -120.000000, -120.000000, -120.000000, -120.000000, -120.000000, -120.000000, -120.000000, -120.000000, -120.000000, -120.000000, -120.000000, -120.000000, -120.000000, -120.000000, -120.000000, -120.000000, -120.000000, -120.000000, -120.000000, -120.000000, -120.000000, -120.000000, -120.000000, -120.000000, -120.000000, -120.000000, -120.000000, -120.000000, -120.000000, -120.000000, -120.000000, -120.000000, -120.000000, -120.000000, -120.000000, -120.000000, -120.000000, -120.000000, -120.000000, -120.000000, -120.000000, -120.000000, -120.000000, -120.000000, -120.000000, -120.000000, -120.000000, -120.000000, -120.000000, -120.000000, -120.000000, -120.000000, -120.000000, -120.000000, -120.000000, -120.000000, -120.000000, -120.000000, -120.000000, -120.000000, -120.000000, -120.000000, -120.000000, -120.000000, -120.000000, -120.000000, -120.000000, -120.000000, -120.000000, -120.000000, -120.000000
12.605725, 11.093821, 10.882312, 10.430160, 9.658611, 12.064999, 40.502811, 20.547438, 18.314999, 17.647129, 17.510254, 17.638744, 17.936197, 18.359818, 18.894003, 19.532511, 20.281527, 21.149321, 22.157440, 23.334541, 24.727631, 26.417164, 28.538988, 31.369514, 35.600334, 44.142975, 47.696690, 36.855476, 32.221664, 29.251917, 27.075455, 25.367079, 23.968945, 22.793606, 21.786442, 20.911606, 20.145020, 19.469645, 18.873426, 18.347809, 17.887484, 17.490351, 17.156885, 16.891949, 16.705629, 16.618069, 16.666801, 16.924059, 17.543743, 18.899963, 22.159737, 35.854290, 22.687540, 15.851986, 13.265964, 12.202531, 11.716476, 11.458309, 11.303998, 11.197906, 11.119331, 11.065730, 11.018382, 10.981618, 10.958267, 10.944433, 10.938803, 10.943062, 10.961658, 10.986428, 11.023800, 11.076000, 11.134773, 11.208529, 11.294889, 11.394897, 11.508171, 11.637487, 11.782565, 11.945605, 12.126466, 12.327243, 12.549558, 12.795074, 13.065995, 13.364707, 13.694641, 14.059309, 14.462653, 14.909973, 15.408320, 15.965246, 16.591337, 17.300346, 18.110527, 19.046692, 20.145329, 21.460529, 23.081532, 25.165565, 28.038162, 32.569664, 43.303963, 39.638107, 30.978313, 26.624428, 23.665451, 21.408453, 19.577564, 18.032406, 16.697512, 15.520317, 14.471078, 13.528806, 12.671370, 11.893159, 11.183456, 10.539527, 9.952555, 9.423449, 8.949084, 8.529881, 8.164418, 7.852800, 7.597057, 7.396670, 7.253775, 7.166925, -120.000000, -120.000000, -120.000000, -120.000000, -120.000000, -120.000000, -120.000000, -120.000000, -120.000000, -120.000000, -120.000000, -120.000000, -120.000000, -120.000000, -120.000000, -120.000000, -120.000000, -120.000000, -120.000000, -120.000000, -120.000000, -120.000000, -120.000000, -120.000000, -120.000000, -120.000000, -120.000000, -120.000000, -120.000000, -120.000000, -120.000000, -120.000000, -120.000000, -120.000000, -120.000000, -120.000000, -120.000000, -120.000000, -120.000000, -120.000000, -120.000000, -120.000000, -120.000000, -120.000000, -120.000000, -120.000000, -120.000000, -120.000000, -120.000000, -120.000000, -120.000000, -120.000000, -120.000000, -120.000000, -120.000000, -120.000000, -120.000000, -120.000000, -120.000000, -120.000000, -120.000000, -120.000000, -120.000000, -120.000000, -120.000000, -120.000000, -120.000000, -120.000000, -120.000000, -120.000000, -120.000000, -120.000000, -120.000000, -120.000000, -120.000000, -120.000000, -120.000000, -120.000000, -120.000000, -120.000000, -120.000000, -120.000000, -120.000000, -120.000000, -120.000000, -120.000000, -120.000000, -120.000000, -120.000000, -120.000000, -120.000000, -120.000000, -120.000000, -120.000000, -120.000000, -120.000000, -120.000000, -120.000000, -120.000000, -120.000000, -120.000000, -120.000000, -120.000000, -120.000000, -120.000000, -120.000000, -120.000000, -120.000000, -120.000000, -120.000000, -120.000000, -120.000000, -120.000000, -120.000000, -120.000000, -120.000000, -120.000000, -120.000000, -120.000000, -120.000000, -120.000000, -120.000000, -120.000000, -120.000000, -120.000000, -120.000000, -120.000000, -120.000000
10.389539, 9.888102, 10.668849, 12.044928, 14.319478, 18.844648, 39.950504, 10.496105, -0.049173, 4.311659, 7.727294, 9.973456, 11.725707, 13.241150, 14.638839, 15.984441, 17.327927, 18.708176, 20.155704, 21.719578, 23.451548, 25.438919, 27.824230, 30.887367, 35.323120, 44.045959, 47.757011, 37.051979, 32.534225, 29.661774, 27.564423, 25.916950, 24.561649, 23.410845, 22.408928, 21.519117, 20.714828, 19.976540, 19.289062, 18.637796, 18.009335, 17.390728, 16.766546, 16.115057, 15.404102, 14.581732, 13.549117, 12.083120, 9.552547, 3.747600, 12.257412, 34.640038, 26.362341, 21.857708, 19.919155, 18.776142, 17.995590, 17.413263, 16.956022, 16.584341, 16.269413, 16.009035, 15.777784, 15.577392, 15.402890, 15.251329, 15.116913, 15.001862, 14.905931, 14.821354, 14.757071, 14.702296, 14.661898, 14.636687, 14.626860, 14.629802, 14.647445, 14.680519, 14.730233, 14.796515, 14.879092, 14.980858, 15.103632, 15.248023, 15.415499, 15.609284, 15.832857, 16.088947, 16.381027, 16.714809, 17.097494, 17.536558, 18.041456, 18.625757, 19.309729, 20.116390, 21.081667, 22.260420, 23.741337, 25.682411, 28.407711, 32.787971, 43.367172, 39.541985, 30.718441, 26.196241, 23.064020, 20.629522, 18.614290, 16.881704, 15.352711, 13.974420, 12.727967, 11.568536, 10.493341, 9.492291, 8.558310, 7.681234, 6.861027, 6.098167, 5.395089, 4.752745, 4.172506, 3.664928, 3.236704, 2.893601, 2.641437, 2.487792, -120.000000, -120.000000, -120.000000, -120.000000, -120.000000, -120.000000, -120.000000, -120.000000, -120.000000, -120.000000, -120.000000, -120.000000, -120.000000, -120.000000, -120.000000, -120.000000, -120.000000, -120.000000, -120.000000, -120.000000, -120.000000, -120.000000, -120.000000, -120.000000, -120.000000, -120.000000, -120.000000, -120.000000, -120.000000, -120.000000, -120.000000, -120.000000, -120.000000, -120.000000, -120.000000, -120.000000, -120.000000, -120.000000, -120.000000, -120.000000, -120.000000, -120.000000, -120.000000, -120.000000, -120.000000, -120.000000, -120.000000, -120.000000, -120.000000, -120.000000, -120.000000, -120.000000, -120.000000, -120.000000, -120.000000, -120.000000, -120.000000, -120.000000, -120.000000, -120.000000, -120.000000, -120.000000, -120.000000, -120.000000, -120.000000, -120.000000, -120.000000, -120.000000, -120.000000, -120.000000, -120.000000, -120.000000, -120.000000, -120.000000, -120.000000, -120.000000, -120.000000, -120.000000, -120.000000, -120.000000, -120.000000, -120.000000, -120.000000, -120.000000, -120.000000, -120.000000, -120.000000, -120.000000, -120.000000, -120.000000, -120.000000, -120.000000, -120.000000, -120.000000, -120.000000, -120.000000, -120.000000, -120.000000, -120.000000, -120.000000, -120.000000, -120.000000, -120.000000, -120.000000, -120.000000, -120.000000, -120.000000, -120.000000, -120.000000, -120.000000, -120.000000, -120.000000, -120.000000, -120.000000, -120.000000, -120.000000, -120.000000, -120.000000, -120.000000, -120.000000, -120.000000, -120.000000, -120.000000, -120.000000, -120.000000, -120.000000, -120.000000, -120.000000
16.351252, 15.018517, 15.359291, 16.032148, 17.345261, 20.571005, 39.823795, 10.767357, 10.143875, 11.835218, 13.085125, 14.104132, 15.030914, 15.931630, 16.845697, 17.798973, 18.815275, 19.915131, 21.127457, 22.487051, 24.045639, 25.883335, 28.140612, 31.094320, 35.438625, 44.084824, 47.733871, 36.980373, 32.427830, 29.532536, 27.424929, 25.780199, 24.441292, 23.320568, 22.363552, 21.536057, 20.813292, 20.179327, 19.620182, 19.131233, 18.705673, 18.341467, 18.039484, 17.805614, 17.647890, 17.587856, 17.656424, 17.936991, 18.541544, 19.826553, 22.870245, 36.021263, 21.856005, 14.182343, 11.614840, 10.941664, 10.808868, 10.812439, 10.833904, 10.853663, 10.864649, 10.855692, 10.851849, 10.843306, 10.834742, 10.827352, 10.821494, 10.823460, 10.825464, 10.838739, 10.864706, 10.892085, 10.931300, 10.980586, 11.042643, 11.116522, 11.203232, 11.305751, 11.423831, 11.560789, 11.711000, 11.883903, 12.088437, 12.308187, 12.559243, 12.838582, 13.151836, 13.502724, 13.895794, 14.340475, 14.836525, 15.395821, 16.032314, 16.756044, 17.588789, 18.554602, 19.690619, 21.051502, 22.727524, 24.875143, 27.820889, 32.435852, 43.263645, 39.701721, 31.156223, 26.927639, 24.103548, 21.992447, 20.315872, 18.936331, 17.772806, 16.776854, 15.913120, 15.159101, 14.497472, 13.915768, 13.401897, 12.951422, 12.554558, 12.208425, 11.907144, 11.647406, 11.429802, 11.246042, 11.105224, 10.993272, 10.909442, 10.864333, -120.000000, -120.000000, -120.000000, -120.000000, -120.000000, -120.000000, -120.000000, -120.000000, -120.000000, -120.000000, -120.000000, -120.000000, -120.000000, -120.000000, -120.000000, -120.000000, -120.000000, -120.000000, -120.000000, -120.000000, -120.000000, -120.000000, -120.000000, -120.000000, -120.000000, -120.000000, -120.000000, -120.000000, -120.000000, -120.000000, -120.000000, -120.000000, -120.000000, -120.000000, -120.000000, -120.000000, -120.000000, -120.000000, -120.000000, -120.000000, -120.000000, -120.000000, -120.000000, -120.000000, -120.000000, -120.000000, -120.000000, -120.000000, -120.000000, -120.000000, -120.000000, -120.000000, -120.000000, -120.000000, -120.000000, -120.000000, -120.000000, -120.000000, -120.000000, -120.000000, -120.000000, -120.000000, -120.000000, -120.000000, -120.000000, -120.000000, -120.000000, -120.000000, -120.000000, -120.000000, -120.000000, -120.000000, -120.000000, -120.000000, -120.000000, -120.000000, -120.000000, -120.000000, -120.000000, -120.000000, -120.000000, -120.000000, -120.000000, -120.000000, -120.000000, -120.000000, -120.000000, -120.000000, -120.000000, -120.000000, -120.000000, -120.000000, -120.000000, -120.000000, -120.000000, -120.000000, -120.000000, -120.000000, -120.000000, -120.000000, -120.000000, -120.000000, -120.000000, -120.000000, -120.000000, -120.000000, -120.000000, -120.000000, -120.000000, -120.000000, -120.000000, -120.000000, -120.000000, -120.000000, -120.000000, -120.000000, -120.000000, -120.000000, -120.000000, -120.000000, -120.000000, -120.000000, -120.000000, -120.000000, -120.000000, -120.000000, -120.000000, -120.000000
17.509907, 14.801942, 14.529915, 13.875538, 12.074615, -0.435079, 40.772766, 22.660000, 20.825932, 20.254471, 20.104521, 20.168093, 20.367531, 20.672981, 21.071533, 21.563398, 22.152519, 22.854235, 23.685911, 24.678738, 25.883991, 27.377975, 29.299459, 31.924225, 35.945435, 44.273586, 47.608837, 36.545250, 31.685801, 28.486164, 26.076714, 24.131678, 22.494337, 21.075176, 19.822247, 18.698456, 17.680986, 16.751593, 15.903779, 15.125323, 14.414449, 13.775280, 13.211695, 12.742455, 12.390564, 12.204722, 12.260941, 12.713737, 13.781095, 15.956108, 20.445807, 35.587116, 23.454250, 16.566402, 13.035127, 10.757784, 9.121840, 7.855436, 6.825119, 5.942336, 5.166903, 4.496091, 3.858561, 3.277709, 2.736807, 2.241476, 1.773124, 1.357345, 0.970447, 0.650321, 0.402989, 0.198943, 0.080977, 0.043900, 0.098541, 0.243115, 0.479215, 0.803429, 1.207187, 1.689646, 2.222028, 2.814872, 3.479320, 4.165693, 4.901059, 5.665508, 6.469233, 7.307863, 8.187456, 9.100100, 10.066734, 11.088791, 12.171221, 13.332067, 14.587780, 15.964237, 17.496458, 19.240635, 21.283400, 23.785416, 27.069824, 32.008572, 43.144588, 39.875690, 31.607836, 27.641415, 25.064470, 23.185207, 21.725237, 20.547831, 19.571732, 18.748592, 18.049595, 17.441055, 16.914240, 16.453989, 16.052792, 15.699350, 15.392607, 15.124575, 14.893513, 14.693701, 14.527277, 14.385445, 14.280012, 14.193485, 14.129305, 14.094595, -120.000000, -120.000000, -120.000000, -120.000000, -120.000000, -120.000000, -120.000000, -120.000000, -120.000000, -120.000000, -120.000000, -120.000000, -120.000000, -120.000000, -120.000000, -120.000000, -120.000000, -120.000000, -120.000000, -120.000000, -120.000000, -120.000000, -120.000000, -120.000000, -120.000000, -120.000000, -120.000000, -120.000000, -120.000000, -120.000000, -120.000000, -120.000000, -120.000000, -120.000000, -120.000000, -120.000000, -120.000000, -120.000000, -120.000000, -120.000000, -120.000000, -120.000000, -120.000000, -120.000000, -120.000000, -120.000000, -120.000000, -120.000000, -120.000000, -120.000000, -120.000000, -120.000000, -120.000000, -120.000000, -120.000000, -120.000000, -120.000000, -120.000000, -120.000000, -120.000000, -120.000000, -120.000000, -120.000000, -120.000000, -120.000000, -120.000000, -120.000000, -120.000000, -120.000000, -120.000000, -120.000000, -120.000000, -120.000000, -120.000000, -120.000000, -120.000000, -120.000000, -120.000000, -120.000000, -120.000000, -120.000000, -120.000000, -120.000000, -120.000000, -120.000000, -120.000000, -120.000000, -120.000000, -120.000000, -120.000000, -120.000000, -120.000000, -120.000000, -120.000000, -120.000000, -120.000000, -120.000000, -120.000000, -120.000000, -120.000000, -120.000000, -120.000000, -120.000000, -120.000000, -120.000000, -120.000000, -120.000000, -120.000000, -120.000000, -120.000000, -120.000000, -120.000000, -120.000000, -120.000000, -120.000000, -120.000000, -120.000000, -120.000000, -120.000000, -120.000000, -120.000000, -120.000000, -120.000000, -120.000000, -120.000000, -120.000000, -120.000000, -120.000000
20.578363, 19.531113, 19.724939, 20.119017, 20.926445, 23.121021, 39.552410, 14.361888, 16.478321, 17.553179, 18.252537, 18.825863, 19.360577, 19.900743, 20.470829, 21.092354, 21.781925, 22.562996, 23.458452, 24.503023, 25.750713, 27.279713, 29.230259, 31.879154, 35.920391, 44.265102, 47.613941, 36.561348, 31.710606, 28.517601, 26.112940, 24.170933, 22.534979, 21.115578, 19.860859, 18.733688, 17.711411, 16.775013, 15.918723, 15.129744, 14.406060, 13.751968, 13.170856, 12.681715, 12.307664, 12.098831, 12.133448, 12.571737, 13.638173, 15.834552, 20.370512, 35.574150, 23.503418, 16.664494, 13.164640, 10.903021, 9.271173, 8.000106, 6.959178, 6.062056, 5.267419, 4.575293, 3.913502, 3.306084, 2.735253, 2.207968, 1.704634, 1.252342, 0.825897, 0.466466, 0.181262, -0.060062, -0.209879, -0.272887, -0.235505, -0.099932, 0.136835, 0.470004, 0.889548, 1.393015, 1.949160, 2.567400, 3.258135, 3.969179, 4.727986, 5.514035, 6.337588, 7.193857, 8.089357, 9.016016, 9.995516, 11.028316, 12.120405, 13.289783, 14.552851, 15.935903, 17.473820, 19.223017, 21.270081, 23.775890, 27.063591, 32.005123, 43.143696, 39.876934, 31.610926, 27.646105, 25.070498, 23.192396, 21.733414, 20.556885, 19.581448, 18.758886, 18.060390, 17.451759, 16.925705, 16.465736, 16.064774, 15.711442, 15.404875, 15.136915, 14.906019, 14.706155, 14.539774, 14.397969, 14.292433, 14.206058, 14.141894, 14.107168, -120.000000, -120.000000, -120.000000, -120.000000, -120.000000, -120.000000, -120.000000, -120.000000, -120.000000, -120.000000, -120.000000, -120.000000, -120.000000, -120.000000, -120.000000, -120.000000, -120.000000, -120.000000, -120.000000, -120.000000, -120.000000, -120.000000, -120.000000, -120.000000, -120.000000, -120.000000, -120.000000, -120.000000, -120.000000, -120.000000, -120.000000, -120.000000, -120.000000, -120.000000, -120.000000, -120.000000, -120.000000, -120.000000, -120.000000, -120.000000, -120.000000, -120.000000, -120.000000, -120.000000, -120.000000, -120.000000, -120.000000, -120.000000, -120.000000, -120.000000, -120.000000, -120.000000, -120.000000, -120.000000, -120.000000, -120.000000, -120.000000, -120.000000, -120.000000, -120.000000, -120.000000, -120.000000, -120.000000, -120.000000, -120.000000, -120.000000, -120.000000, -120.000000, -120.000000, -120.000000, -120.000000, -120.000000, -120.000000, -120.000000, -120.000000, -120.000000, -120.000000, -120.000000, -120.000000, -120.000000, -120.000000, -120.000000, -120.000000, -120.000000, -120.000000, -120.000000, -120.000000, -120.000000, -120.000000, -120.000000, -120.000000, -120.000000, -120.000000, -120.000000, -120.000000, -120.000000, -120.000000, -120.000000, -120.000000, -120.000000, -120.000000, -120.000000, -120.000000, -120.000000, -120.000000, -120.000000, -120.000000, -120.000000, -120.000000, -120.000000, -120.000000, -120.000000, -120.000000, -120.000000, -120.000000, -120.000000, -120.000000, -120.000000, -120.000000, -120.000000, -120.000000, -120.000000, -120.000000, -120.000000, -120.000000, -120.000000, -120.000000, -120.000000
12.527562, 11.409006, 11.456272, 11.597521, 12.176054, 15.565512, 40.346050, 19.289738, 16.978958, 16.396803, 16.369671, 16.605183, 17.002850, 17.521421, 18.145954, 18.868101, 19.696167, 20.640858, 21.720482, 22.966599, 24.425709, 26.176544, 28.356628, 31.242092, 35.524231, 44.115349, 47.714546, 36.915871, 32.318981, 29.388124, 27.245430, 25.568018, 24.198406, 23.048658, 22.064478, 21.210323, 20.461678, 19.800640, 19.218712, 18.701998, 18.247110, 17.852285, 17.516891, 17.244980, 17.046364, 16.939053, 16.960224, 17.163876, 17.725784, 19.008640, 22.174217, 35.839962, 22.843678, 16.334879, 13.983274, 13.017073, 12.561300, 12.300769, 12.130271, 12.017376, 11.926722, 11.843457, 11.785516, 11.737049, 11.699486, 11.671652, 11.654509, 11.647893, 11.648962, 11.661259, 11.692077, 11.723872, 11.770720, 11.830192, 11.902546, 11.988365, 12.087754, 12.201984, 12.330248, 12.453060, 12.648218, 12.832027, 13.029621, 13.258348, 13.511555, 13.791204, 14.102032, 14.446907, 14.830826, 15.255022, 15.732241, 16.268232, 16.871088, 17.556757, 18.342598, 19.254032, 20.327137, 21.616608, 23.210381, 25.267010, 28.112514, 32.612778, 43.316444, 39.618916, 30.926128, 26.538275, 23.543694, 21.249998, 19.380529, 17.796764, 16.420046, 15.200832, 14.106339, 13.114310, 12.209831, 11.382462, 10.622768, 9.925763, 9.288711, 8.708316, 8.184622, 7.703128, 7.308385, 6.963342, 6.655892, 6.427546, 6.270357, 6.166381, -120.000000, -120.000000, -120.000000, -120.000000, -120.000000, -120.000000, -120.000000, -120.000000, -120.000000, -120.000000, -120.000000, -120.000000, -120.000000, -120.000000, -120.000000, -120.000000, -120.000000, -120.000000, -120.000000, -120.000000, -120.000000, -120.000000, -120.000000, -120.000000, -120.000000, -120.000000, -120.000000, -120.000000, -120.000000, -120.000000, -120.000000, -120.000000, -120.000000, -120.000000, -120.000000, -120.000000, -120.000000, -120.000000, -120.000000, -120.000000, -120.000000, -120.000000, -120.000000, -120.000000, -120.000000, -120.000000, -120.000000, -120.000000, -120.000000, -120.000000, -120.000000, -120.000000, -120.000000, -120.000000, -120.000000, -120.000000, -120.000000, -120.000000, -120.000000, -120.000000, -120.000000, -120.000000, -120.000000, -120.000000, -120.000000, -120.000000, -120.000000, -120.000000, -120.000000, -120.000000, -120.000000, -120.000000, -120.000000, -120.000000, -120.000000, -120.000000, -120.000000, -120.000000, -120.000000, -120.000000, -120.000000, -120.000000, -120.000000, -120.000000, -120.000000, -120.000000, -120.000000, -120.000000, -120.000000, -120.000000, -120.000000, -120.000000, -120.000000, -120.000000, -120.000000, -120.000000, -120.000000, -120.000000, -120.000000, -120.000000, -120.000000, -120.000000, -120.000000, -120.000000, -120.000000, -120.000000, -120.000000, -120.000000, -120.000000, -120.000000, -120.000000, -120.000000, -120.000000, -120.000000, -120.000000, -120.000000, -120.000000, -120.000000, -120.000000, -120.000000, -120.000000, -120.000000, -120.000000, -120.000000, -120.000000, -120.000000, -120.000000, -120.000000
5.997999, 4.529997, 4.846651, 5.654597, 7.884880, 14.388815, 40.319218, 18.401545, 15.497051, 14.687310, 14.634999, 14.948522, 15.476398, 16.146339, 16.930143, 17.810759, 18.792400, 19.877106, 21.088667, 22.456160, 24.024090, 25.872047, 28.137905, 31.097881, 35.444450, 44.088547, 47.730316, 36.963757, 32.391804, 29.470041, 27.328489, 25.640617, 24.249329, 23.064793, 22.032129, 21.112730, 20.282042, 19.516911, 18.806799, 18.130056, 17.475571, 16.831720, 16.177624, 15.492407, 14.741632, 13.866139, 12.755233, 11.125616, 8.259562, 1.530264, 12.797824, 34.691990, 26.222403, 21.622534, 19.626547, 18.446447, 17.637266, 17.040024, 16.568815, 16.187223, 15.870105, 15.592252, 15.360351, 15.158557, 14.984079, 14.831777, 14.699212, 14.587583, 14.490072, 14.410161, 14.353255, 14.301299, 14.268855, 14.249166, 14.245978, 14.257068, 14.284564, 14.325582, 14.385506, 14.463993, 14.556327, 14.671349, 14.799647, 14.958309, 15.137901, 15.345236, 15.582478, 15.852774, 16.160206, 16.506216, 16.904980, 17.361696, 17.881495, 18.484215, 19.182674, 20.005974, 20.987215, 22.182781, 23.680290, 25.636263, 28.375940, 32.770618, 43.362473, 39.548538, 30.734484, 26.219830, 23.092175, 20.658924, 18.642803, 16.903038, 15.362607, 13.969989, 12.681480, 11.494531, 10.374785, 9.321578, 8.315249, 7.357081, 6.439960, 5.566757, 4.730723, 3.933423, 3.215296, 2.559645, 1.953734, 1.478639, 1.089357, 0.874508, -120.000000, -120.000000, -120.000000, -120.000000, -120.000000, -120.000000, -120.000000, -120.000000, -120.000000, -120.000000, -120.000000, -120.000000, -120.000000, -120.000000, -120.000000, -120.000000, -120.000000, -120.000000, -120.000000, -120.000000, -120.000000, -120.000000, -120.000000, -120.000000, -120.000000, -120.000000, -120.000000, -120.000000, -120.000000, -120.000000, -120.000000, -120.000000, -120.000000, -120.000000, -120.000000, -120.000000, -120.000000, -120.000000, -120.000000, -120.000000, -120.000000, -120.000000, -120.000000, -120.000000, -120.000000, -120.000000, -120.000000, -120.000000, -120.000000, -120.000000, -120.000000, -120.000000, -120.000000, -120.000000, -120.000000, -120.000000, -120.000000, -120.000000, -120.000000, -120.000000, -120.000000, -120.000000, -120.000000, -120.000000, -120.000000, -120.000000, -120.000000, -120.000000, -120.000000, -120.000000, -120.000000, -120.000000, -120.000000, -120.000000, -120.000000, -120.000000, -120.000000, -120.000000, -120.000000, -120.000000, -120.000000, -120.000000, -120.000000, -120.000000, -120.000000, -120.000000, -120.000000, -120.000000, -120.000000, -120.000000, -120.000000, -120.000000, -120.000000, -120.000000, -120.000000, -120.000000, -120.000000, -120.000000, -120.000000, -120.000000, -120.000000, -120.000000, -120.000000, -120.000000, -120.000000, -120.000000, -120.000000, -120.000000, -120.000000, -120.000000, -120.000000, -120.000000, -120.000000, -120.000000, -120.000000, -120.000000, -120.000000, -120.000000, -120.000000, -120.000000, -120.000000, -120.000000, -120.000000, -120.000000, -120.000000, -120.000000, -120.000000, -120.000000
13.666294, 10.092510, 10.572821, 11.523710, 13.354523, 17.726070, 40.110760, 15.899715, 12.731337, 12.348412, 12.756310, 13.436481, 14.242162, 15.124624, 16.073687, 17.089384, 18.179605, 19.357002, 20.648354, 22.084091, 23.716255, 25.622688, 27.944553, 30.958080, 35.358662, 44.056011, 47.752285, 37.042076, 32.532322, 29.671247, 27.597227, 25.982464, 24.671856, 23.575590, 22.641832, 21.833790, 21.129858, 20.510841, 19.967915, 19.489691, 19.073833, 18.716942, 18.419899, 18.186556, 18.029697, 17.963766, 18.026535, 18.267029, 18.849407, 20.078508, 23.039438, 36.053871, 21.747890, 14.157649, 11.844572, 11.337728, 11.278656, 11.314144, 11.347801, 11.368502, 11.378098, 11.365149, 11.353551, 11.338497, 11.322240, 11.305493, 11.287802, 11.280495, 11.272156, 11.273308, 11.279186, 11.300383, 11.329046, 11.361649, 11.411367, 11.467224, 11.541559, 11.624760, 11.729244, 11.862198, 11.982936, 12.141658, 12.314896, 12.521848, 12.748500, 13.009805, 13.305110, 13.638267, 14.012813, 14.433868, 14.914769, 15.460986, 16.080153, 16.792833, 17.610933, 18.566860, 19.692648, 21.047409, 22.716543, 24.863493, 27.807533, 32.427559, 43.260780, 39.706909, 31.172237, 26.956982, 24.148243, 22.055149, 20.398357, 19.040291, 17.898754, 16.926577, 16.086132, 15.358137, 14.720856, 14.162893, 13.674519, 13.245651, 12.868683, 12.543371, 12.261504, 12.027750, 11.811798, 11.644442, 11.505526, 11.399738, 11.328531, 11.283752, -120.000000, -120.000000, -120.000000, -120.000000, -120.000000, -120.000000, -120.000000, -120.000000, -120.000000, -120.000000, -120.000000, -120.000000, -120.000000, -120.000000, -120.000000, -120.000000, -120.000000, -120.000000, -120.000000, -120.000000, -120.000000, -120.000000, -120.000000, -120.000000, -120.000000, -120.000000, -120.000000, -120.000000, -120.000000, -120.000000, -120.000000, -120.000000, -120.000000, -120.000000, -120.000000, -120.000000, -120.000000, -120.000000, -120.000000, -120.000000, -120.000000, -120.000000, -120.000000, -120.000000, -120.000000, -120.000000, -120.000000, -120.000000, -120.000000, -120.000000, -120.000000, -120.000000, -120.000000, -120.000000, -120.000000, -120.000000, -120.000000, -120.000000, -120.000000, -120.000000, -120.000000, -120.000000, -120.000000, -120.000000, -120.000000, -120.000000, -120.000000, -120.000000, -120.000000, -120.000000, -120.000000, -120.000000, -120.000000, -120.000000, -120.000000, -120.000000, -120.000000, -120.000000, -120.000000, -120.000000, -120.000000, -120.000000, -120.000000, -120.000000, -120.000000, -120.000000, -120.000000, -120.000000, -120.000000, -120.000000, -120.000000, -120.000000, -120.000000, -120.000000, -120.000000, -120.000000, -120.000000, -120.000000, -120.000000, -120.000000, -120.000000, -120.000000, -120.000000, -120.000000, -120.000000, -120.000000, -120.000000, -120.000000, -120.000000, -120.000000, -120.000000, -120.000000, -120.000000, -120.000000, -120.000000, -120.000000, -120.000000, -120.000000, -120.000000, -120.000000, -120.000000, -120.000000, -120.000000, -120.000000, -120.000000, -120.000000, -120.000000, -120.000000
20.007666, 18.824966, 18.965942, 19.260715, 19.895321, 21.845200, 39.914173, 18.563187, 18.292355, 18.617195, 18.985537, 19.375038, 19.793938, 20.253639, 20.764500, 21.340054, 21.992395, 22.742001, 23.610332, 24.630299, 25.856033, 27.364473, 29.295631, 31.926083, 35.948742, 44.275696, 47.606903, 36.536774, 31.666220, 28.457144, 26.034193, 24.074032, 22.419031, 20.981428, 19.706766, 18.560503, 17.517696, 16.563074, 15.683058, 14.874530, 14.134954, 13.462934, 12.869949, 12.370504, 11.996222, 11.796728, 11.862756, 12.327412, 13.465824, 15.747513, 20.340427, 35.573269, 23.489454, 16.603285, 13.034618, 10.697475, 8.987140, 7.640482, 6.527441, 5.556557, 4.693407, 3.938395, 3.213726, 2.548290, 1.922867, 1.346000, 0.807977, 0.328253, -0.110425, -0.468217, -0.677050, -0.899608, -0.982668, -0.940133, -0.794148, -0.530857, -0.175674, 0.275243, 0.788857, 1.278564, 2.039508, 2.716515, 3.412162, 4.160497, 4.930233, 5.730557, 6.554687, 7.409772, 8.292997, 9.224355, 10.187827, 11.203084, 12.281433, 13.432520, 14.682294, 16.048510, 17.570850, 19.303392, 21.336203, 23.825624, 27.099495, 32.024815, 43.149216, 39.868740, 31.589497, 27.611952, 25.024105, 23.134018, 21.664164, 20.477062, 19.491467, 18.659243, 17.952095, 17.335321, 16.800407, 16.333349, 15.924616, 15.566768, 15.253631, 14.980803, 14.744814, 14.540948, 14.371305, 14.231969, 14.111002, 14.023167, 13.968168, 13.927955, -120.000000, -120.000000, -120.000000, -120.000000, -120.000000, -120.000000, -120.000000, -120.000000, -120.000000, -120.000000, -120.000000, -120.000000, -120.000000, -120.000000, -120.000000, -120.000000, -120.000000, -120.000000, -120.000000, -120.000000, -120.000000, -120.000000, -120.000000, -120.000000, -120.000000, -120.000000, -120.000000, -120.000000, -120.000000, -120.000000, -120.000000, -120.000000, -120.000000, -120.000000, -120.000000, -120.000000, -120.000000, -120.000000, -120.000000, -120.000000, -120.000000, -120.000000, -120.000000, -120.000000, -120.000000, -120.000000, -120.000000, -120.000000, -120.000000, -120.000000, -120.000000, -120.000000, -120.000000, -120.000000, -120.000000, -120.000000, -120.000000, -120.000000, -120.000000, -120.000000, -120.000000, -120.000000, -120.000000, -120.000000, -120.000000, -120.000000, -120.000000, -120.000000, -120.000000, -120.000000, -120.000000, -120.000000, -120.000000, -120.000000, -120.000000, -120.000000, -120.000000, -120.000000, -120.000000, -120.000000, -120.000000, -120.000000, -120.000000, -120.000000, -120.000000, -120.000000, -120.000000, -120.000000, -120.000000, -120.000000, -120.000000, -120.000000, -120.000000, -120.000000, -120.000000, -120.000000, -120.000000, -120.000000, -120.000000, -120.000000, -120.000000, -120.000000, -120.000000, -120.000000, -120.000000, -120.000000, -120.000000, -120.000000, -120.000000, -120.000000, -120.000000, -120.000000, -120.000000, -120.000000, -120.000000, -120.000000, -120.000000, -120.000000, -120.000000, -120.000000, -120.000000, -120.000000, -120.000000, -120.000000, -120.000000, -120.000000, -120.000000, -120.000000
17.909168, 15.525749, 15.356525, 14.971386, 14.064498, 12.529490, 40.687202, 22.373381, 20.630255, 20.124512, 20.018988, 20.112011, 20.332340, 20.652405, 21.061638, 21.561220, 22.155912, 22.861298, 23.695612, 24.689377, 25.895147, 27.388645, 29.309029, 31.932184, 35.950504, 44.275669, 47.607338, 36.539646, 31.673300, 28.470041, 26.054405, 24.102907, 22.457811, 21.031294, 19.768776, 18.635677, 17.606707, 16.666954, 15.802341, 15.009128, 14.285011, 13.627620, 13.047735, 12.558337, 12.189241, 11.987205, 12.039495, 12.476340, 13.572859, 15.805491, 20.357370, 35.573029, 23.502409, 16.654631, 13.139618, 10.863065, 9.215435, 7.930701, 6.877832, 5.966662, 5.160277, 4.458732, 3.786720, 3.170597, 2.590103, 2.052043, 1.545332, 1.085920, 0.654943, 0.282769, 0.038630, -0.233181, -0.389576, -0.439610, -0.398575, -0.246147, -0.000043, 0.350498, 0.775896, 1.191342, 1.894333, 2.531683, 3.196895, 3.925828, 4.685120, 5.482487, 6.309065, 7.171309, 8.064552, 9.008604, 9.986268, 11.017323, 12.112121, 13.279945, 14.546944, 15.930279, 17.469704, 19.219090, 21.268433, 23.774014, 27.063646, 32.004196, 43.143440, 39.877247, 31.611748, 27.647423, 25.072214, 23.194229, 21.735914, 20.559814, 19.584599, 18.762262, 18.064339, 17.455957, 16.929462, 16.469976, 16.068226, 15.716828, 15.409578, 15.142079, 14.910769, 14.711208, 14.545154, 14.408841, 14.290609, 14.204618, 14.150902, 14.111566, -120.000000, -120.000000, -120.000000, -120.000000, -120.000000, -120.000000, -120.000000, -120.000000, -120.000000, -120.000000, -120.000000, -120.000000, -120.000000, -120.000000, -120.000000, -120.000000, -120.000000, -120.000000, -120.000000, -120.000000, -120.000000, -120.000000, -120.000000, -120.000000, -120.000000, -120.000000, -120.000000, -120.000000, -120.000000, -120.000000, -120.000000, -120.000000, -120.000000, -120.000000, -120.000000, -120.000000, -120.000000, -120.000000, -120.000000, -120.000000, -120.000000, -120.000000, -120.000000, -120.000000, -120.000000, -120.000000, -120.000000, -120.000000, -120.000000, -120.000000, -120.000000, -120.000000, -120.000000, -120.000000, -120.000000, -120.000000, -120.000000, -120.000000, -120.000000, -120.000000, -120.000000, -120.000000, -120.000000, -120.000000, -120.000000, -120.000000, -120.000000, -120.000000, -120.000000, -120.000000, -120.000000, -120.000000, -120.000000, -120.000000, -120.000000, -120.000000, -120.000000, -120.000000, -120.000000, -120.000000, -120.000000, -120.000000, -120.000000, -120.000000, -120.000000, -120.000000, -120.000000, -120.000000, -120.000000, -120.000000, -120.000000, -120.000000, -120.000000, -120.000000, -120.000000, -120.000000, -120.000000, -120.000000, -120.000000, -120.000000, -120.000000, -120.000000, -120.000000, -120.000000, -120.000000, -120.000000, -120.000000, -120.000000, -120.000000, -120.000000, -120.000000, -120.000000, -120.000000, -120.000000, -120.000000, -120.000000, -120.000000, -120.000000, -120.000000, -120.000000, -120.000000, -120.000000, -120.000000, -120.000000, -120.000000, -120.000000, -120.000000, -120.000000
61.936676, 61.273666, 59.196312, 55.357822, 49.050064, 42.806396, 46.476387, 42.546173, 38.339027, 43.213020, 46.789471, 47.471424, 45.861244, 41.956486, 36.766804, 37.021198, 38.409416, 37.363174, 34.544216, 35.480019, 39.303478, 41.280296, 40.921005, 37.171661, 27.723482, 44.541550, 45.725101, 32.219357, 36.124538, 37.624432, 38.024837, 36.973911, 33.501007, 26.531736, 27.757538, 30.250538, 26.991573, 12.523880, 31.159267, 36.076183, 37.919193, 37.812996, 35.728001, 30.722450, 26.480915, 31.897739, 33.574287, 30.781773, 12.200412, 31.131334, 36.304050, 36.089741, 38.578636, 34.455772, 28.671007, 30.068504, 32.415581, 31.586000, 26.629032, 9.127838, 27.441196, 31.570103, 32.354969, 30.795649, 26.477448, 16.688272, 21.022648, 26.861094, 29.471409, 30.287254, 29.239159, 25.224073, 9.923082, 22.967283, 28.404970, 29.668913, 28.043022, 25.361412, 29.384211, 33.335957, 34.739872, 33.723934, 29.939348, 26.359936, 30.321615, 32.489594, 32.029312, 29.839619, 29.107800, 31.522686, 33.604492, 34.272964, 33.164810, 29.476418, 24.770651, 29.235912, 31.597071, 29.865505, 19.875160, 25.164864, 31.021090, 28.656609, 39.066429, 42.062130, 31.038654, 16.065697, 27.678213, 29.221283, 27.636568, 23.617760, 15.848543, 12.916946, 21.087313, 25.677464, 28.414463, 29.236931, 27.642164, 23.925514, 26.757542, 30.840244, 31.940548, 30.118963, 25.358803, 26.658613, 30.903744, 32.366325, 31.837538, 30.176758, -120.000000, -120.000000, -120.000000, -120.000000, -120.000000, -120.000000, -120.000000, -120.000000, -120.000000, -120.000000, -120.000000, -120.000000, -120.000000, -120.000000, -120.000000, -120.000000, -120.000000, -120.000000, -120.000000, -120.000000, -120.000000, -120.000000, -120.000000, -120.000000, -120.000000, -120.000000, -120.000000, -120.000000, -120.000000, -120.000000, -120.000000, -120.000000, -120.000000, -120.000000, -120.000000, -120.000000, -120.000000, -120.000000, -120.000000, -120.000000, -120.000000, -120.000000, -120.000000, -120.000000, -120.000000, -120.000000, -120.000000, -120.000000, -120.000000, -120.000000, -120.000000, -120.000000, -120.000000, -120.000000, -120.000000, -120.000000, -120.000000, -120.000000, -120.000000, -120.000000, -120.000000, -120.000000, -120.000000, -120.000000, -120.000000, -120.000000, -120.000000, -120.000000, -120.000000, -120.000000, -120.000000, -120.000000, -120.000000, -120.000000, -120.000000, -120.000000, -120.000000, -120.000000, -120.000000, -120.000000, -120.000000, -120.000000, -120.000000, -120.000000, -120.000000, -120.000000, -120.000000, -120.000000, -120.000000, -120.000000, -120.000000, -120.000000, -120.000000, -120.000000, -120.000000, -120.000000, -120.000000, -120.000000, -120.000000, -120.000000, -120.000000, -120.000000, -120.000000, -120.000000, -120.000000, -120.000000, -120.000000, -120.000000, -120.000000, -120.000000, -120.000000, -120.000000, -120.000000, -120.000000, -120.000000, -120.000000, -120.000000, -120.000000, -120.000000, -120.000000, -120.000000, -120.000000, -120.000000, -120.000000, -120.000000, -120.000000, -120.000000, -120.000000